<?xml version="1.0" encoding="UTF-8"?><?xml-stylesheet type='text/xsl' href='_UpgradeReport_Files/UpgradeReport.xslt'?><UpgradeLog>
<Properties><Property Name="Solution" Value="WebSiteAdvantage.KeePass.Firefox.Importer">
</Property><Property Name="Solution File" Value="C:\Documents and Settings\Tony.INTERNAL\My Documents\My SubVersion Projects\WebSiteAdvantage\DotNet\Trunk\WebSiteAdvantage.KeePass.Firefox.Importer\WebSiteAdvantage.KeePass.Firefox.Importer.sln">
</Property><Property Name="Date" Value="Monday, 26 April 2010">
</Property><Property Name="Time" Value="17:16:56 PM">
</Property></Properties><Event ErrorLevel="1" Project="WebSiteAdvantage.KeePass.Firefox.Importer" Source="WebSiteAdvantage.KeePass.Firefox.Importer.csproj" Description="Your project is targeting .NET Framework 2.0 or 3.0. If your project uses assemblies requiring a newer .NET Framework, your project will fail to build. You can change the .NET Framework version by clicking Properties on the project menu and then selecting a new version in the '.NET Framework' dropdown box. (In Visual Basic, this is located on the Compile tab by clicking the 'Advanced Compiler Options...' button.)">
</Event><Event ErrorLevel="0" Project="WebSiteAdvantage.KeePass.Firefox.Importer" Source="WebSiteAdvantage.KeePass.Firefox.Importer.csproj" Description="Project converted successfully">
</Event><Event ErrorLevel="3" Project="WebSiteAdvantage.KeePass.Firefox.Importer" Source="WebSiteAdvantage.KeePass.Firefox.Importer.csproj" Description="Converted">
</Event><Event ErrorLevel="0" Project="WebSiteAdvantage.KeePass.Firefox.Importer" Source="WebSiteAdvantage.KeePass.Firefox.Importer.csproj" Description="Scan complete: Upgrade not required for project files.">
</Event></UpgradeLog>